{
  "name": "mVhlVGLrvR0TO36bHnlZ",
  "bucket": "dropnote-4330.appspot.com",
  "metageneration": 1,
  "generation": 1669499190148,
  "contentType": "application/pdf",
  "storageClass": "STANDARD",
  "contentDisposition": "inline",
  "downloadTokens": [
    "47ca2c98-855d-4c81-ae6f-0dc71773dfa0"
  ],
  "etag": "Cgvl9xaZPKBvjJ8zI/UjVpbdNY0",
  "customMetadata": {},
  "timeCreated": "2022-11-26T21:46:30.148Z",
  "updated": "2022-11-26T21:46:30.148Z",
  "size": 37739,
  "md5Hash": "YlHctBJOpn5RNv2DnnFWbQ==",
  "crc32c": "1391259825"
}