{
  "name": "cfzOcYY0a1PqRsiq4A5h",
  "bucket": "dropnote-4330.appspot.com",
  "metageneration": 1,
  "generation": 1669499199444,
  "contentType": "application/pdf",
  "storageClass": "STANDARD",
  "contentDisposition": "inline",
  "downloadTokens": [
    "ce8c43f9-8b29-43d2-8792-bfd83f5fb053"
  ],
  "etag": "JAWqHY5Tt8Xm4WK3aKrY7kYoSbQ",
  "customMetadata": {},
  "timeCreated": "2022-11-26T21:46:39.444Z",
  "updated": "2022-11-26T21:46:39.444Z",
  "size": 3028,
  "md5Hash": "S0GjR1EyvYYbMKh44wqlag==",
  "crc32c": "3106490679"
}