{
  "v": "5.7.1",
  "fr": 30,
  "ip": 0,
  "op": 71,
  "w": 600,
  "h": 600,
  "nm": "Composição 1",
  "ddd": 0,
  "assets": [],
  "fonts": {
    "list": [
      {
        "fName": "Catamaran-Black",
        "fFamily": "Catamaran",
        "fStyle": "Black",
        "ascent": 71.599365234375
      }
    ]
  },
  "layers": [
    {
      "ddd": 0,
      "ind": 1,
      "ty": 5,
      "nm": "Z",
      "sr": 1,
      "ks": {
        "o": {
          "a": 1,
          "k": [
            {
              "i": { "x": [0.833], "y": [0.833] },
              "o": { "x": [0.167], "y": [0.167] },
              "t": 50,
              "s": [100]
            },
            { "t": 70, "s": [0] }
          ],
          "ix": 11
        },
        "r": { "a": 0, "k": 0, "ix": 10 },
        "p": {
          "a": 1,
          "k": [
            {
              "i": { "x": 0.667, "y": 1 },
              "o": { "x": 0.333, "y": 0 },
              "t": 10,
              "s": [300, 300, 0],
              "to": [0, -11.5, 0],
              "ti": [0, 11.5, 0]
            },
            { "t": 70, "s": [300, 231, 0] }
          ],
          "ix": 2
        },
        "a": { "a": 0, "k": [0, 0, 0], "ix": 1 },
        "s": {
          "a": 1,
          "k": [
            {
              "i": { "x": [0.833, 0.833, 0.833], "y": [0.833, 0.833, 0.833] },
              "o": { "x": [0.167, 0.167, 0.167], "y": [0.167, 0.167, 0.167] },
              "t": 30,
              "s": [100, 100, 100]
            },
            { "t": 120, "s": [120, 120, 100] }
          ],
          "ix": 6
        }
      },
      "ao": 0,
      "t": {
        "d": {
          "k": [
            {
              "s": {
                "s": 274,
                "f": "Catamaran-Black",
                "t": "Z",
                "j": 2,
                "tr": 0,
                "lh": 328.8,
                "ls": 0,
                "fc": [0, 0.965, 1],
                "sc": [0, 0.965, 1],
                "sw": 1,
                "of": false
              },
              "t": 0
            }
          ]
        },
        "p": {},
        "m": { "g": 1, "a": { "a": 0, "k": [0, 0], "ix": 2 } },
        "a": []
      },
      "ip": 0,
      "op": 150,
      "st": 0,
      "bm": 0
    },
    {
      "ddd": 0,
      "ind": 2,
      "ty": 5,
      "nm": "Z 2",
      "sr": 1,
      "ks": {
        "o": { "a": 0, "k": 100, "ix": 11 },
        "r": { "a": 0, "k": 0, "ix": 10 },
        "p": {
          "a": 1,
          "k": [
            {
              "i": { "x": 0.833, "y": 0.833 },
              "o": { "x": 0.333, "y": 0 },
              "t": 10,
              "s": [364, 474, 0],
              "to": [-6.443, -8.023, 0],
              "ti": [15.582, 19.029, 0]
            },
            {
              "i": { "x": 0.833, "y": 0.833 },
              "o": { "x": 0.167, "y": 0.167 },
              "t": 30,
              "s": [474.665, 383.998, 0],
              "to": [-45.486, -55.549, 0],
              "ti": [36.342, 14.333, 0]
            },
            {
              "i": { "x": 0.667, "y": 1 },
              "o": { "x": 0.167, "y": 0.167 },
              "t": 50,
              "s": [303.565, 372.871, 0],
              "to": [-41.736, -16.461, 0],
              "ti": [6, 7.471, 0]
            },
            { "t": 70, "s": [300, 300, 0] }
          ],
          "ix": 2
        },
        "a": { "a": 0, "k": [0, 0, 0], "ix": 1 },
        "s": {
          "a": 1,
          "k": [
            {
              "i": { "x": [0.833, 0.833, 0.833], "y": [0.833, 0.833, 0.833] },
              "o": { "x": [0.167, 0.167, 0.167], "y": [0.167, 0.167, 0.167] },
              "t": 10,
              "s": [55, 55, 100]
            },
            { "t": 70, "s": [100, 100, 100] }
          ],
          "ix": 6
        }
      },
      "ao": 0,
      "t": {
        "d": {
          "k": [
            {
              "s": {
                "s": 274,
                "f": "Catamaran-Black",
                "t": "Z",
                "j": 2,
                "tr": 0,
                "lh": 328.8,
                "ls": 0,
                "fc": [0, 0.965, 1],
                "sc": [0, 0.965, 1],
                "sw": 1,
                "of": false
              },
              "t": 0
            }
          ]
        },
        "p": {},
        "m": { "g": 1, "a": { "a": 0, "k": [0, 0], "ix": 2 } },
        "a": []
      },
      "ip": 0,
      "op": 150,
      "st": 0,
      "bm": 0
    },
    {
      "ddd": 0,
      "ind": 3,
      "ty": 5,
      "nm": "Z 3",
      "sr": 1,
      "ks": {
        "o": { "a": 0, "k": 100, "ix": 11 },
        "r": { "a": 0, "k": 0, "ix": 10 },
        "p": {
          "a": 1,
          "k": [
            {
              "i": { "x": 0.833, "y": 0.833 },
              "o": { "x": 0.333, "y": 0 },
              "t": 10,
              "s": [304.5, 554, 0],
              "to": [-77.75, 5.417, 0],
              "ti": [-15.359, 18.431, 0]
            },
            {
              "i": { "x": 0.833, "y": 0.833 },
              "o": { "x": 0.167, "y": 0.167 },
              "t": 30,
              "s": [225, 508.5, 0],
              "to": [58.333, -70, 0],
              "ti": [-69.667, 43.25, 0]
            },
            {
              "i": { "x": 0.667, "y": 1 },
              "o": { "x": 0.167, "y": 0.167 },
              "t": 50,
              "s": [438, 500, 0],
              "to": [27.825, -17.274, 0],
              "ti": [17.667, 22, 0]
            },
            { "t": 70, "s": [364, 474, 0] }
          ],
          "ix": 2
        },
        "a": { "a": 0, "k": [0, 0, 0], "ix": 1 },
        "s": {
          "a": 1,
          "k": [
            {
              "i": { "x": [0.833, 0.833, 0.833], "y": [0.833, 0.833, 0.833] },
              "o": { "x": [0.167, 0.167, 0.167], "y": [0.167, 0.167, 0.167] },
              "t": 10,
              "s": [25, 25, 100]
            },
            { "t": 70, "s": [55, 55, 100] }
          ],
          "ix": 6
        }
      },
      "ao": 0,
      "t": {
        "d": {
          "k": [
            {
              "s": {
                "s": 274,
                "f": "Catamaran-Black",
                "t": "Z",
                "j": 2,
                "tr": 0,
                "lh": 328.8,
                "ls": 0,
                "fc": [0, 0.965, 1],
                "sc": [0, 0.965, 1],
                "sw": 1,
                "of": false
              },
              "t": 0
            }
          ]
        },
        "p": {},
        "m": { "g": 1, "a": { "a": 0, "k": [0, 0], "ix": 2 } },
        "a": []
      },
      "ip": 0,
      "op": 150,
      "st": 0,
      "bm": 0
    },
    {
      "ddd": 0,
      "ind": 4,
      "ty": 5,
      "nm": "Z 4",
      "sr": 1,
      "ks": {
        "o": {
          "a": 1,
          "k": [
            {
              "i": { "x": [0.833], "y": [0.833] },
              "o": { "x": [0.167], "y": [0.167] },
              "t": 50,
              "s": [0]
            },
            { "t": 70, "s": [100] }
          ],
          "ix": 11
        },
        "r": { "a": 0, "k": 0, "ix": 10 },
        "p": {
          "a": 1,
          "k": [
            {
              "i": { "x": 0.667, "y": 1 },
              "o": { "x": 0.333, "y": 0 },
              "t": 40,
              "s": [304.5, 599, 0],
              "to": [0, -7.5, 0],
              "ti": [0, 7.5, 0]
            },
            { "t": 70, "s": [304.5, 554, 0] }
          ],
          "ix": 2
        },
        "a": { "a": 0, "k": [0, 0, 0], "ix": 1 },
        "s": {
          "a": 1,
          "k": [
            {
              "i": { "x": [0.833, 0.833, 0.833], "y": [0.833, 0.833, 0.833] },
              "o": { "x": [0.167, 0.167, 0.167], "y": [0.167, 0.167, 0.167] },
              "t": 50,
              "s": [0, 0, 100]
            },
            { "t": 70, "s": [25, 25, 100] }
          ],
          "ix": 6
        }
      },
      "ao": 0,
      "t": {
        "d": {
          "k": [
            {
              "s": {
                "s": 274,
                "f": "Catamaran-Black",
                "t": "Z",
                "j": 2,
                "tr": 0,
                "lh": 328.8,
                "ls": 0,
                "fc": [0, 0.965, 1],
                "sc": [0, 0.965, 1],
                "sw": 1,
                "of": false
              },
              "t": 0
            }
          ]
        },
        "p": {},
        "m": { "g": 1, "a": { "a": 0, "k": [0, 0], "ix": 2 } },
        "a": []
      },
      "ip": 0,
      "op": 150,
      "st": 0,
      "bm": 0
    }
  ],
  "markers": [],
  "chars": [
    {
      "ch": "Z",
      "size": 274,
      "style": "Black",
      "w": 58.4,
      "data": {
        "shapes": [
          {
            "ty": "gr",
            "it": [
              {
                "ind": 0,
                "ty": "sh",
                "ix": 1,
                "ks": {
                  "a": 0,
                  "k": {
                    "i": [
                      [0, 0],
                      [0, 0],
                      [0, 0],
                      [0, 0],
                      [0, 0],
                      [0, 0],
                      [0, 0],
                      [0, 0],
                      [0, 0],
                      [0, 0]
                    ],
                    "o": [
                      [0, 0],
                      [0, 0],
                      [0, 0],
                      [0, 0],
                      [0, 0],
                      [0, 0],
                      [0, 0],
                      [0, 0],
                      [0, 0],
                      [0, 0]
                    ],
                    "v": [
                      [57.1, 0],
                      [3, 0],
                      [1, -12.8],
                      [35.7, -53.7],
                      [5.6, -53.7],
                      [3.9, -68],
                      [55.5, -68],
                      [57.4, -55.1],
                      [22, -14.3],
                      [55.4, -14.3]
                    ],
                    "c": true
                  },
                  "ix": 2
                },
                "nm": "Z",
                "mn": "ADBE Vector Shape - Group",
                "hd": false
              }
            ],
            "nm": "Z",
            "np": 3,
            "cix": 2,
            "bm": 0,
            "ix": 1,
            "mn": "ADBE Vector Group",
            "hd": false
          }
        ]
      },
      "fFamily": "Catamaran"
    }
  ]
}
