{
  "firestore": {
    "rules": "firestore.rules",
    "indexes": "firestore.indexes.json"
  },
  "hosting": {
    "public": "public",
    "ignore": [
      "firebase.json",
      "**/.*",
      "**/node_modules/**"
    ],
    "rewrites": [
      {
        "source": "**",
        "destination": "/index.html"
      }
    ]
  },
  "storage": {
    "rules": "storage.rules"
  },
  "emulators": {
    "auth": {
      "port": 9099,
      "host": "127.0.0.1"
    },
    "firestore": {
      "port": 8080,
      "host": "127.0.0.1"
    },
    "database": {
      "port": 9000,
      "host": "127.0.0.1"
    },
    "storage": {
      "port": 9199,
      "host": "127.0.0.1"
    },
    "ui": {
      "enabled": true
    },
    "hosting": {
      "port": 5000
    },
    "singleProjectMode": true
  }
}
