{"kind":"identitytoolkit#DownloadAccountResponse","users":[{"localId":"LF7sW6rUdLmZAvQ2qvEGdYnoTOSa","lastLoginAt":"1669498921484","emailVerified":false,"email":"nash@lsu.edu","salt":"fakeSaltWTXZKcm0J1aUCGXQE2PT","passwordHash":"fakeHash:salt=fakeSaltWTXZKcm0J1aUCGXQE2PT:password=123456","passwordUpdatedAt":1669498539511,"validSince":"1669498539","createdAt":"1669498539511","providerUserInfo":[{"providerId":"password","email":"nash@lsu.edu","federatedId":"nash@lsu.edu","rawId":"nash@lsu.edu"}],"lastRefreshAt":"2022-11-26T21:42:01.484Z"},{"localId":"cAskbtNYWDSuxHtovP21KfoeLhBn","lastLoginAt":"1669498921434","emailVerified":false,"email":"paymond@lsu.edu","salt":"fakeSalt9GjHGjbZmuxfAoEPvwD4","passwordHash":"fakeHash:salt=fakeSalt9GjHGjbZmuxfAoEPvwD4:password=123456","passwordUpdatedAt":1669498921434,"validSince":"1669498921","createdAt":"1669498921434","providerUserInfo":[{"providerId":"password","email":"paymond@lsu.edu","federatedId":"paymond@lsu.edu","rawId":"paymond@lsu.edu"}],"lastRefreshAt":"2022-11-26T21:42:01.435Z"}]}