{
    "1": {
        "fileName": "Lecture-1.pdf",
        "ownerName": "Nash Mahmoud",
        "ownerID": "1",
        "saveCount": 2,
        "tags": ["loren", "ipsum"],
        "isRequestOnly": false,
        "previewPageCount": 1
    },
    "34": {
        "fileName": "Lecture-2.pdf",
        "ownerName": "Nash Mahmoud",
        "ownerID": "1",
        "saveCount": 2,
        "tags": ["loren", "ipsum"],
        "isRequestOnly": true,
        "previewPageCount": 1
    },
    "5": {
        "fileName": "Lecture-3.pdf",
        "ownerName": "Nash Mahmoud",
        "ownerID": "1",
        "saveCount": 2,
        "tags": ["loren", "ipsum"],
        "isRequestOnly": false,
        "previewPageCount": 2
    },
    "3": {
        "fileName": "Lecture-1.pdf",
        "ownerName": "Patti Aymond",
        "ownerID": "2",
        "saveCount": 10,
        "tags": ["loren"],
        "isRequestOnly": false,
        "previewPageCount": 1
    },
    "99": {
        "fileName": "Lecture-2.pdf",
        "ownerName": "Patti Aymond",
        "ownerID": "2",
        "saveCount": 2,
        "tags": ["loren", "ipsum"],
        "isRequestOnly": true,
        "previewPageCount": 1
    }
}
