{
    "1": {
        "name": "Nash Mahmoud",
        "school": "Louisiana State University",
        "department": "College of Engineering",
        "biography": "loren impsum",
        "totalSaves": 5,
        "profilePicture": "image.png",
        "files": [1, 34, 5]
    },
    "2": {
        "name": "Patti Aymond",
        "school": "Louisiana State University",
        "department": "College of Engineering",
        "biography": "loren impsum dolor sum ep eit su.",
        "totalSaves": 2,
        "profilePicture": "image2.png",
        "files": [3, 99]
    }
}
